{"rouge1": 0.15588848673941813, "rouge2": 0.010309073537722719, "rougeL": 0.0956662888353677, "rougeLsum": 0.14329231906983197}