{"rouge1": 0.29199995789722794, "rouge2": 0.057893054116445464, "rougeL": 0.14860123941729841, "rougeLsum": 0.23695551601850165}