{"rouge1": 0.2745229338355809, "rouge2": 0.07734610567690214, "rougeL": 0.15784180146396115, "rougeLsum": 0.1579412711736346}