{"rouge1": 0.15633913154450418, "rouge2": 0.013070695472147679, "rougeL": 0.09156700256728836, "rougeLsum": 0.09460985264852168}