{"rouge1": 0.0689256657758392, "rouge2": 0.008553906523840346, "rougeL": 0.052730915032823414, "rougeLsum": 0.052695410835981935}