{"rouge1": 0.304758865812507, "rouge2": 0.09025234025234026, "rougeL": 0.1628585454859089, "rougeLsum": 0.2606270906308315}