{"rouge": {"rouge1": 0.5554595066701573, "rouge2": 0.25452766326188603, "rougeL": 0.2805275900366155, "rougeLsum": 0.28050176992939474}}