{"rouge": {"rouge1": 0.4695023777269338, "rouge2": 0.21999876949635133, "rougeL": 0.29370559835721344, "rougeLsum": 0.38622559563943915}}