{"rouge1": 0.286190817230182, "rouge2": 0.07023154043895322, "rougeL": 0.1324597244020444, "rougeLsum": 0.13600297885978058}