{"rouge1": 0.27925274856368126, "rouge2": 0.06317251326415219, "rougeL": 0.1485030959006502, "rougeLsum": 0.22240335492262292}