{"rouge1": 0.42881198912550256, "rouge2": 0.15188385911402835, "rougeL": 0.23437611681243514, "rougeLsum": 0.33906538249744106}