{"rouge": {"rouge1": 0.5290741402307044, "rouge2": 0.23301974566456748, "rougeL": 0.26554829973709726, "rougeLsum": 0.26572633980069826}}