{"rouge1": 0.18855206139949343, "rouge2": 0.04416561642820076, "rougeL": 0.08669111812993989, "rougeLsum": 0.15979622509078706}