{"rouge1": 0.4375562801339322, "rouge2": 0.15296324511432963, "rougeL": 0.2342508651450248, "rougeLsum": 0.3366665030916446}