{"rouge": {"rouge1": 0.46484539855437174, "rouge2": 0.19422304591371273, "rougeL": 0.2822885287008744, "rougeLsum": 0.3766057419221337}}