{"rouge1": 0.3993214466234542, "rouge2": 0.16072615464217316, "rougeL": 0.20235006303466493, "rougeLsum": 0.20915616077516236}