{"rouge": {"rouge1": 0.10654402549526881, "rouge2": 0.0005063985763508047, "rougeL": 0.04764792059369623, "rougeLsum": 0.04763987677559471}}