{"rouge1": 0.026711496547698985, "rouge2": 0.0022890077205248217, "rougeL": 0.024350500955931276, "rougeLsum": 0.026024207085475697}