{"rouge1": 0.24681700105353738, "rouge2": 0.03637786833449929, "rougeL": 0.14861096153155479, "rougeLsum": 0.21774140474505366}