{"rouge1": 0.40367861245166126, "rouge2": 0.1293509666332751, "rougeL": 0.21715299925797468, "rougeLsum": 0.3156588929909311}