{"rouge1": 0.3594027853514461, "rouge2": 0.09205101645419282, "rougeL": 0.14393246446817876, "rougeLsum": 0.14262216979850909}