{"rouge": {"rouge1": 0.43094758646393294, "rouge2": 0.1676746187576002, "rougeL": 0.2631606958766868, "rougeLsum": 0.3531133909168347}}