{"rouge1": 0.23691647690016288, "rouge2": 0.03991555437640543, "rougeL": 0.13795147384574455, "rougeLsum": 0.21010404149375678}