{"rouge1": 0.23700643233808927, "rouge2": 0.05507599000183773, "rougeL": 0.12599211015827216, "rougeLsum": 0.19404200337280814}