{"rouge1": 0.057728724918569785, "rouge2": 0.008544214290327371, "rougeL": 0.05064576825080009, "rougeLsum": 0.05505250283988147}