{"rouge1": 0.33985606366872356, "rouge2": 0.09785638524751872, "rougeL": 0.18253797450756226, "rougeLsum": 0.27137109333534204}