{"rouge1": 0.24204417226962693, "rouge2": 0.02268082448418399, "rougeL": 0.1134765824656316, "rougeLsum": 0.15168221687942535}