{"rouge1": 0.4945758917989873, "rouge2": 0.17999578958183118, "rougeL": 0.2042590939164266, "rougeLsum": 0.20428850722655995}