{"rouge1": 0.3853060448911, "rouge2": 0.14876099117744002, "rougeL": 0.1950550299390786, "rougeLsum": 0.19856989979160103}