{"rouge1": 0.18934595756166556, "rouge2": 0.01609917304629526, "rougeL": 0.11686079769513791, "rougeLsum": 0.1713247378676471}