{"rouge1": 0.3436030211537647, "rouge2": 0.08924503069778096, "rougeL": 0.18211335048140734, "rougeLsum": 0.2661474473273939}