{"rouge": {"rouge1": 0.44770125664920946, "rouge2": 0.19381340246287115, "rougeL": 0.2740868645930423, "rougeLsum": 0.3711332970703124}}