{"rouge": {"rouge1": 0.45050676877226536, "rouge2": 0.181417089132954, "rougeL": 0.27178344512430697, "rougeLsum": 0.3650804157607882}}