{"rouge": {"rouge1": 0.15678481167696703, "rouge2": 0.004279195449379396, "rougeL": 0.061534434603270766, "rougeLsum": 0.11177257818885927}}