{"rouge1": 0.43340748632410914, "rouge2": 0.15812221820718703, "rougeL": 0.2394527680600096, "rougeLsum": 0.34492160672068456}