{"rouge1": 0.22245759962958112, "rouge2": 0.06945236059656124, "rougeL": 0.13801589290416302, "rougeLsum": 0.17987863438560964}