{"rouge1": 0.30522107255170705, "rouge2": 0.061849241456750026, "rougeL": 0.16283340039371635, "rougeLsum": 0.24184431607229234}