{"rouge": {"rouge1": 0.4510561850668007, "rouge2": 0.19670352735204166, "rougeL": 0.27510968866197527, "rougeLsum": 0.37215952427938526}}