{"rouge": {"rouge1": 0.13722190886652907, "rouge2": 0.0036977432947519796, "rougeL": 0.05588256013831589, "rougeLsum": 0.09257188442989348}}