{"rouge1": 0.23572189749011413, "rouge2": 0.05567839670276706, "rougeL": 0.1507625662115656, "rougeLsum": 0.20308571404794218}