{"rouge1": 0.4279752865589931, "rouge2": 0.1434104083900558, "rougeL": 0.22396662439703166, "rougeLsum": 0.32750137915478617}