{"rouge1": 0.2585317153940125, "rouge2": 0.08117844203449712, "rougeL": 0.12686190669274516, "rougeLsum": 0.13141392310008798}