{"rouge1": 0.3484307184597387, "rouge2": 0.0952676862689962, "rougeL": 0.15308270804917762, "rougeLsum": 0.16960664771143724}