{"rouge1": 0.33233229349303023, "rouge2": 0.09017776446175169, "rougeL": 0.17965230779433333, "rougeLsum": 0.26231318839165524}