{"rouge": {"rouge1": 0.48609937761770544, "rouge2": 0.20474514148242262, "rougeL": 0.247631292844963, "rougeLsum": 0.2475200764003556}}