{"rouge1": 0.2451190269722089, "rouge2": 0.056065684425194384, "rougeL": 0.15824009737037523, "rougeLsum": 0.2048887752650882}