{"rouge1": 0.39240874512379875, "rouge2": 0.1576960406343181, "rougeL": 0.226794406005228, "rougeLsum": 0.34643636864500804}