{"rouge1": 0.29677594775796756, "rouge2": 0.08152584808894804, "rougeL": 0.17128711900710528, "rougeLsum": 0.24598613029661323}