{"rouge1": 0.3119315761675288, "rouge2": 0.08677073054344606, "rougeL": 0.15061284592191493, "rougeLsum": 0.17676579016370753}